Start Time (Seconds),End Time (Seconds),Duration (Seconds),Component,Energy Consumption (Joule)
0,70.18,70.18,screen dark,34.88423224
0,70.18,70.18,wifi running,0.32866136160000003
0,70.18,70.18,audio,3.1136339520000003
0,2.873,2.873,audio,0.12746466720000002
0,70.18,70.18,phone_scanning,23.871193632
0.0,73.11751399999957,73.11751399999957,core 0 cpu_idle start,2.087548895208388
73.11751399999957,100.46600000000035,27.348486000000776,core 0 cpu_idle,0.7808156843916221
0.0,73.08184399999936,73.08184399999936,core 1 cpu_idle start,2.086530495306382
73.08184399999936,100.46600000000035,27.384156000000985,core 1 cpu_idle,0.7818340842936281
