Start Time (Seconds),End Time (Seconds),Duration (Seconds),Component,Energy Consumption (Joule)
0,82.134,82.134,screen dark,41.203835244
0,82.134,82.134,wifi running,0.38820142295999993
0,82.134,82.134,audio,3.6776976911999997
0,2.844,2.844,audio,0.1273452192
0,82.134,82.134,phone_scanning,28.1956822992
0.0,71.83178300000145,71.83178300000145,core 0 cpu_idle start,2.069811277610142
71.83178300000145,110.95300000000134,39.12121699999989,core 0 cpu_idle,1.1272661314898968
0.0,71.83178400000179,71.83178400000179,core 1 cpu_idle start,2.069811306424852
71.83178400000179,110.95300000000134,39.12121599999955,core 1 cpu_idle,1.1272661026751871
