Start Time (Seconds),End Time (Seconds),Duration (Seconds),Component,Energy Consumption (Joule)
0,79.43299999999999,79.43299999999999,screen dark,34.34150718899999
0,79.43299999999999,79.43299999999999,wifi running,0.32354808426
0,79.43299999999999,79.43299999999999,audio,3.0651923772
0,2.783,2.783,audio,0.10739151720000001
0,79.43299999999999,79.43299999999999,phone_scanning,23.4998082252
0.0,75.39592599999742,75.39592599999742,core 0 cpu_idle start,1.8722580230060357
75.39592599999742,99.08499999999185,23.689073999994434,core 0 cpu_idle,0.5882553767437618
0.0,75.0705309999903,75.0705309999903,core 1 cpu_idle start,1.864177700477609
75.0705309999903,99.08499999999185,24.014469000001554,core 1 cpu_idle,0.5963356992721885
