Start Time (Seconds),End Time (Seconds),Duration (Seconds),Component,Energy Consumption (Joule)
0,79.644,79.644,screen dark,39.588483792
0,79.644,79.644,wifi running,0.37298240928000004
0,79.644,79.644,audio,3.5335175616
0,2.783,2.783,audio,0.1234716912
0,79.644,79.644,phone_scanning,27.090301305599997
0.0,63.13054100000045,63.13054100000045,core 0 cpu_idle start,1.8024148238746127
63.13054100000045,98.8739999999998,35.74345899999935,core 0 cpu_idle,1.0204972005253814
0.0,63.07172199999968,63.07172199999968,core 1 cpu_idle start,1.8007355061331909
63.07172199999968,98.8739999999998,35.802278000000115,core 1 cpu_idle,1.0221765182668032
