Start Time (Seconds),End Time (Seconds),Duration (Seconds),Component,Energy Consumption (Joule)
0,68.114,68.114,screen dark,35.60455008000001
0,68.114,68.114,wifi running,0.33544782720000005
0,68.114,68.114,audio,3.1779267840000003
0,2.8209999999999997,2.8209999999999997,audio,0.13161657599999999
0,68.114,68.114,phone_scanning,24.364105344000002
0.0,73.51523299999826,73.51523299999826,core 0 cpu_idle start,2.207221355591948
73.51523299999826,98.35000000000582,24.83476700000756,core 0 cpu_idle,0.7456390444082271
0.0,73.5152339999986,73.5152339999986,core 1 cpu_idle start,2.2072213856159584
73.5152339999986,98.35000000000582,24.83476600000722,core 1 cpu_idle,0.745639014384217
