Start Time (Seconds),End Time (Seconds),Duration (Seconds),Component,Energy Consumption (Joule)
0,66.053,66.053,screen dark,32.89677190799999
0,66.053,66.053,wifi running,0.30993652871999994
0,66.053,66.053,audio,2.9362407984
0,2.89,2.89,audio,0.12846859200000002
0,66.053,66.053,phone_scanning,22.511179454399997
0.0,71.84908999998879,71.84908999998879,core 0 cpu_idle start,2.0553294383576795
71.84908999998879,96.46299999998882,24.613910000000033,core 0 cpu_idle,0.7041104322420009
0.0,71.84772799999337,71.84772799999337,core 1 cpu_idle start,2.05529047671341
71.84772799999337,96.46299999998882,24.615271999995457,core 1 cpu_idle,0.70414939388627
