Start Time (Seconds),End Time (Seconds),Duration (Seconds),Component,Energy Consumption (Joule)
0,79.30799999999999,79.30799999999999,screen dark,40.457865888
0,79.30799999999999,79.30799999999999,wifi running,0.38117328191999994
0,79.30799999999999,79.30799999999999,audio,3.6111153024
0,2.8,2.8,audio,0.12749184
0,79.30799999999999,79.30799999999999,phone_scanning,27.6852173184
0.0,72.73693500000081,72.73693500000081,core 0 cpu_idle start,2.131279479822024
72.73693500000081,109.60599999999977,36.869064999998955,core 0 cpu_idle,1.0803078473779695
0.0,72.73692500000107,72.73692500000107,core 1 cpu_idle start,2.1312791868100316
72.73692500000107,109.60599999999977,36.8690749999987,core 1 cpu_idle,1.0803081403899621
