Start Time (Seconds),End Time (Seconds),Duration (Seconds),Component,Energy Consumption (Joule)
0,78.52199999999999,78.52199999999999,screen dark,39.724358322
0,78.52199999999999,78.52199999999999,wifi running,0.37426254948
0,78.52199999999999,78.52199999999999,audio,3.5456452055999996
0,2.839,2.839,audio,0.12819447720000002
0,78.52199999999999,78.52199999999999,phone_scanning,27.1832799096
0.0,71.38760699998238,71.38760699998238,core 0 cpu_idle start,2.074377514825138
71.38760699998238,108.3059999999823,36.918392999999924,core 0 cpu_idle,1.0727728178743479
0.0,71.49198899997282,71.49198899997282,core 1 cpu_idle start,2.07741064176176
71.49198899997282,108.3059999999823,36.81401100000949,core 1 cpu_idle,1.0697396909377257
