Start Time (Seconds),End Time (Seconds),Duration (Seconds),Component,Energy Consumption (Joule)
0,68.545,68.545,screen dark,33.947116885
0,68.545,68.545,wifi running,0.3198323409
0,68.545,68.545,audio,3.0299905980000004
0,2.824,2.824,audio,0.1248332256
0,68.545,68.545,phone_scanning,23.229927918
0.0,77.12912800000049,77.12912800000049,core 0 cpu_idle start,2.194042170282814
77.12912800000049,100.5109999999986,23.38187199999811,core 0 cpu_idle,0.6651289145671463
0.0,77.12913399998797,77.12913399998797,core 1 cpu_idle start,2.194042340960558
77.12913399998797,100.5109999999986,23.381866000010632,core 1 cpu_idle,0.6651287438894025
