Start Time (Seconds),End Time (Seconds),Duration (Seconds),Component,Energy Consumption (Joule)
0,67.101,67.101,screen dark,33.93834377999999
0,67.101,67.101,wifi running,0.31974968519999997
0,67.101,67.101,audio,3.0292075439999997
0,2.814,2.814,audio,0.127035216
0,67.101,67.101,phone_scanning,23.223924503999996
0.0,72.2762689999945,72.2762689999945,core 0 cpu_idle start,2.0996978907188404
72.2762689999945,96.54300000000512,24.266731000010623,core 0 cpu_idle,0.7049728022813087
0.0,72.27791199999047,72.27791199999047,core 1 cpu_idle start,2.099745621511723
72.27791199999047,96.54300000000512,24.265088000014657,core 1 cpu_idle,0.7049250714884259
