Start Time (Seconds),End Time (Seconds),Duration (Seconds),Component,Energy Consumption (Joule)
0,77.281,77.281,screen dark,39.423820216
0,77.281,77.281,wifi running,0.37143103344
0,77.281,77.281,audio,3.5188203168000007
0,2.87,2.87,audio,0.13067913600000003
0,77.281,77.281,phone_scanning,26.977622428800004
0.0,70.39006199999858,70.39006199999858,core 0 cpu_idle start,2.062513284674359
70.39006199999858,106.95599999999831,36.56593799999973,core 0 cpu_idle,1.0714258625255924
0.0,70.38991700000042,70.38991700000042,core 1 cpu_idle start,2.062509036000413
70.38991700000042,106.95599999999831,36.56608299999789,core 1 cpu_idle,1.0714301111995383
