Start Time (Seconds),End Time (Seconds),Duration (Seconds),Component,Energy Consumption (Joule)
0,70.45400000000001,70.45400000000001,screen dark,32.99149458000001
0,70.45400000000001,70.45400000000001,wifi running,0.3108289572
0,70.45400000000001,70.45400000000001,audio,2.944695384000001
0,2.083,2.083,audio,0.08706106800000002
0,70.45400000000001,70.45400000000001,phone_scanning,22.575997944
0.0,62.52777500000957,62.52777500000957,core 0 cpu_idle start,1.6817783002877575
62.52777500000957,90.12300000000687,27.5952249999973,core 0 cpu_idle,0.7422149692124275
0.0,62.52777200000128,62.52777200000128,core 1 cpu_idle start,1.6817782195980346
62.52777200000128,90.12300000000687,27.59522800000559,core 1 cpu_idle,0.7422150499021505
