Start Time (Seconds),End Time (Seconds),Duration (Seconds),Component,Energy Consumption (Joule)
0,69.54599999999999,69.54599999999999,screen dark,34.56909112799999
0,69.54599999999999,69.54599999999999,wifi running,0.32569226351999997
0,69.54599999999999,69.54599999999999,audio,3.0855056543999995
0,2.569,2.569,audio,0.1139772816
0,69.54599999999999,69.54599999999999,phone_scanning,23.655543350399995
0.0,62.67887000000155,62.67887000000155,core 0 cpu_idle start,1.7895193458220442
62.67887000000155,89.84499999999935,27.166129999997793,core 0 cpu_idle,0.775609311177937
0.0,62.678861000000325,62.678861000000325,core 1 cpu_idle start,1.7895190888666093
62.678861000000325,89.84499999999935,27.16613899999902,core 1 cpu_idle,0.775609568133372
