Start Time (Seconds),End Time (Seconds),Duration (Seconds),Component,Energy Consumption (Joule)
0,75.272,75.272,screen dark,37.278683816000004
0,75.272,75.272,wifi running,0.35122065744000003
0,75.272,75.272,audio,3.3273535968000005
0,2.513,2.513,audio,0.11108565720000001
0,75.272,75.272,phone_scanning,25.509710908800002
0.0,66.64897500001825,66.64897500001825,core 0 cpu_idle start,1.8959200699917693
66.64897500001825,95.8519999999844,29.203024999966146,core 0 cpu_idle,0.830719470207787
0.0,66.66734400001587,66.66734400001587,core 1 cpu_idle start,1.8964426009948516
66.66734400001587,95.8519999999844,29.184655999968527,core 1 cpu_idle,0.8301969392047047
