Start Time (Seconds),End Time (Seconds),Duration (Seconds),Component,Energy Consumption (Joule)
0,73.55799999999999,73.55799999999999,screen dark,36.563327943999994
0,73.55799999999999,73.55799999999999,wifi running,0.3444809409599999
0,73.55799999999999,73.55799999999999,audio,3.2635036511999997
0,2.848,2.848,audio,0.1263555072
0,73.55799999999999,73.55799999999999,phone_scanning,25.020194659199994
0.0,73.00501000000077,73.00501000000077,core 0 cpu_idle start,2.084336838506022
73.00501000000077,103.71100000000115,30.705990000000384,core 0 cpu_idle,0.8766744380940109
0.0,73.00369200000023,73.00369200000023,core 1 cpu_idle start,2.0842992088152066
73.00369200000023,103.71100000000115,30.70730800000092,core 1 cpu_idle,0.8767120677848262
