Start Time (Seconds),End Time (Seconds),Duration (Seconds),Component,Energy Consumption (Joule)
0,77.594,77.594,screen dark,36.625997473999995
0,77.594,77.594,wifi running,0.34507138115999997
0,77.594,77.594,audio,3.2690972952
0,2.82,2.82,audio,0.118808856
0,77.594,77.594,phone_scanning,25.063079263199995
0.0,73.03673499999968,73.03673499999968,core 0 cpu_idle start,1.9801683074832412
73.03673499999968,107.6929999999993,34.65626499999962,core 0 cpu_idle,0.9395989238667397
0.0,73.03831499999978,73.03831499999978,core 1 cpu_idle start,1.980211144364244
73.03831499999978,107.6929999999993,34.65468499999952,core 1 cpu_idle,0.9395560869857369
