Start Time (Seconds),End Time (Seconds),Duration (Seconds),Component,Energy Consumption (Joule)
0,77.368,77.368,screen dark,39.468202048
0,77.368,77.368,wifi running,0.37184917632
0,77.368,77.368,audio,3.5227816704
0,2.8369999999999997,2.8369999999999997,audio,0.1291765536
0,77.368,77.368,phone_scanning,27.0079928064
0.0,69.78824899999745,69.78824899999745,core 0 cpu_idle start,2.0448794415987255
69.78824899999745,106.15399999999863,36.36575100000118,core 0 cpu_idle,1.0655601432012347
0.0,69.78825199999847,69.78825199999847,core 1 cpu_idle start,2.044879529502355
69.78825199999847,106.15399999999863,36.36574800000017,core 1 cpu_idle,1.065560055297605
