Start Time (Seconds),End Time (Seconds),Duration (Seconds),Component,Energy Consumption (Joule)
0,82.194,82.194,screen dark,41.611863216
0,82.194,82.194,wifi running,0.39204565344
0,82.194,82.194,audio,3.7141167168000004
0,2.893,2.893,audio,0.1307265696
0,82.194,82.194,phone_scanning,28.4748948288
0.0,71.8374530000001,71.8374530000001,core 0 cpu_idle start,2.088946928296403
71.8374530000001,111.07200000000012,39.23454700000002,core 0 cpu_idle,1.1408935453036007
0.0,71.83819299998868,71.83819299998868,core 1 cpu_idle start,2.088968446608071
71.83819299998868,111.07200000000012,39.23380700001144,core 1 cpu_idle,1.1408720269919328
