Start Time (Seconds),End Time (Seconds),Duration (Seconds),Component,Energy Consumption (Joule)
0,71.625,71.625,screen dark,36.79848975
0,71.625,71.625,wifi running,0.34669651500000004
0,71.625,71.625,phone_scanning,25.181115300000002
0.0,72.74379499999986,72.74379499999986,core 0 cpu_idle start,2.146647567311496
72.74379499999986,100.24982399999999,27.506029000000126,core 0 cpu_idle,0.8116946639813039
100.24982399999999,100.3036619999998,0.0538379999998142,core 0 cpu_frequency,0.06050025652947122
100.3036619999998,101.67200000000003,1.3683380000002217,core 0 cpu_idle,0.040379243878606544
0.0,72.74283500000001,72.74283500000001,core 1 cpu_idle start,2.146619237999501
72.74283500000001,101.67200000000003,28.929165000000012,core 1 cpu_idle,0.8536909804005004
