Start Time (Seconds),End Time (Seconds),Duration (Seconds),Component,Energy Consumption (Joule)
0,81.789,81.789,screen dark,42.75274608000001
0,81.789,81.789,wifi running,0.4027944672
0,81.789,81.789,audio,3.8159475840000003
0,2.849,2.849,audio,0.13292294400000002
0,81.789,81.789,phone_scanning,29.255598144
0.0,72.68811199999618,72.68811199999618,core 0 cpu_idle start,2.1823878746878855
72.68811199999618,111.6050000000032,38.91688800000702,core 0 cpu_idle,1.168440645312211
0.0,72.69441899999947,72.69441899999947,core 1 cpu_idle start,2.1825772360559843
72.69441899999947,111.6050000000032,38.91058100000373,core 1 cpu_idle,1.1682512839441122
