Start Time (Seconds),End Time (Seconds),Duration (Seconds),Component,Energy Consumption (Joule)
0,77.186,77.186,screen dark,36.433412906
0,77.186,77.186,wifi running,0.34325694804
0,77.186,77.186,audio,3.2519079288000006
0,2.816,2.816,audio,0.1186403328
0,77.186,77.186,phone_scanning,24.9312941208
0.0,73.53031399999963,73.53031399999963,core 0 cpu_idle start,1.99355019665229
73.53031399999963,107.61199999999917,34.081685999999536,core 0 cpu_idle,0.9240209667476874
0.0,73.55114399999911,73.55114399999911,core 1 cpu_idle start,1.994114938570776
73.55114399999911,107.61199999999917,34.06085600000006,core 1 cpu_idle,0.9234562248292015
