Start Time (Seconds),End Time (Seconds),Duration (Seconds),Component,Energy Consumption (Joule)
0,77.575,77.575,screen dark,39.24527007500001
0,77.575,77.575,wifi running,0.3697488255
0,77.575,77.575,audio,3.5028836100000005
0,2.805,2.805,audio,0.12665921400000002
0,77.575,77.575,phone_scanning,26.855441010000003
0.0,73.27597499999683,73.27597499999683,core 0 cpu_idle start,2.129249617751158
73.27597499999683,107.39900000000489,34.123025000008056,core 0 cpu_idle,0.9915451542989842
0.0,73.2688419999904,73.2688419999904,core 1 cpu_idle start,2.129042347393621
73.2688419999904,107.39900000000489,34.13015800001449,core 1 cpu_idle,0.9917524246565211
