Start Time (Seconds),End Time (Seconds),Duration (Seconds),Component,Energy Consumption (Joule)
0,77.483,77.483,screen dark,38.964341108
0,77.483,77.483,wifi running,0.36710205671999996
0,77.483,77.483,audio,3.4778089584000003
0,2.822,2.822,audio,0.12666490560000002
0,77.483,77.483,phone_scanning,26.663202014399996
0.0,73.02825400000074,73.02825400000074,core 0 cpu_idle start,2.1093626941868213
73.02825400000074,107.6740000000027,34.645746000001964,core 0 cpu_idle,1.0007146566132568
0.0,73.02586700000029,73.02586700000029,core 1 cpu_idle start,2.1092937476014084
73.02586700000029,107.6740000000027,34.64813300000242,core 1 cpu_idle,1.0007836031986699
