Start Time (Seconds),End Time (Seconds),Duration (Seconds),Component,Energy Consumption (Joule)
0,67.983,67.983,screen dark,33.792173844
0,67.983,67.983,wifi running,0.31837254696
0,67.983,67.983,audio,3.0161609712
0,2.846,2.846,audio,0.1262667744
0,67.983,67.983,phone_scanning,23.1239007792
0.0,72.23291199999949,72.23291199999949,core 0 cpu_idle start,2.062292977347185
72.23291199999949,97.60000000000036,25.367088000000876,core 0 cpu_idle,0.724245582652825
0.0,72.23302400000102,72.23302400000102,core 1 cpu_idle start,2.062296175014429
72.23302400000102,97.60000000000036,25.36697599999934,core 1 cpu_idle,0.7242423849855811
