Start Time (Seconds),End Time (Seconds),Duration (Seconds),Component,Energy Consumption (Joule)
0,70.06700000000001,70.06700000000001,screen dark,36.252385532
0,70.06700000000001,70.06700000000001,wifi running,0.34155140088
0,70.06700000000001,70.06700000000001,audio,3.2357501136000004
0,2.493,2.493,audio,0.1151287344
0,70.06700000000001,70.06700000000001,phone_scanning,24.807417537600003
0.0,72.12200299999677,72.12200299999677,core 0 cpu_idle start,2.143336109554504
72.12200299999677,100.41800000000512,28.295997000008356,core 0 cpu_idle,0.8409060980456483
0.0,72.11160799999197,72.11160799999197,core 1 cpu_idle start,2.1430271888653616
72.11160799999197,100.41800000000512,28.306392000013147,core 1 cpu_idle,0.8412150187347908
