Start Time (Seconds),End Time (Seconds),Duration (Seconds),Component,Energy Consumption (Joule)
0,68.56700000000001,68.56700000000001,screen dark,34.082461556
0,68.56700000000001,68.56700000000001,wifi running,0.32110748904
0,68.56700000000001,68.56700000000001,audio,3.0420709488
0,2.811,2.811,audio,0.1247139504
0,68.56700000000001,68.56700000000001,phone_scanning,23.3225439408
0.0,72.20406899999944,72.20406899999944,core 0 cpu_idle start,2.061469492391384
72.20406899999944,98.42299999999886,26.21893099999943,core 0 cpu_idle,0.7485662114085837
0.0,72.20407100000011,72.20407100000011,core 1 cpu_idle start,2.061469549492603
72.20407100000011,98.42299999999886,26.218928999998752,core 1 cpu_idle,0.7485661543073644
