Start Time (Seconds),End Time (Seconds),Duration (Seconds),Component,Energy Consumption (Joule)
0,67.852,67.852,screen dark,33.119511128
0,67.852,67.852,wifi running,0.31203506352
0,67.852,67.852,audio,2.9561216544000004
0,2.729,2.729,audio,0.1188948888
0,67.852,67.852,phone_scanning,22.6635993504
0.0,68.1914140000008,68.1914140000008,core 0 cpu_idle start,1.9118349403282227
68.1914140000008,98.09200000000419,29.900586000003386,core 0 cpu_idle,0.838301799271895
0.0,68.18989300000248,68.18989300000248,core 1 cpu_idle start,1.9117922971159698
68.18989300000248,98.09200000000419,29.902107000001706,core 1 cpu_idle,0.8383444424841479
