Start Time (Seconds),End Time (Seconds),Duration (Seconds),Component,Energy Consumption (Joule)
0,86.188,86.188,screen dark,43.967601568000006
0,86.188,86.188,wifi running,0.41424021312
0,86.188,86.188,audio,3.9243809664000007
0,1.788,1.788,audio,0.08141264640000001
0,86.188,86.188,phone_scanning,30.086920742400004
0.0,59.32342900000003,59.32342900000003,core 0 cpu_idle start,1.7382476578148012
59.32342900000003,105.1810000000005,45.85757100000046,core 0 cpu_idle,1.3436818593852136
0.0,59.31383099999948,59.31383099999948,core 1 cpu_idle start,1.737966424897185
59.31383099999948,105.1810000000005,45.86716900000101,core 1 cpu_idle,1.3439630923028298
