Start Time (Seconds),End Time (Seconds),Duration (Seconds),Component,Energy Consumption (Joule)
0,81.584,81.584,screen dark,41.026635584
0,81.584,81.584,wifi running,0.38653193855999995
0,81.584,81.584,audio,3.6618815232000004
0,2.859,2.859,audio,0.1283256432
0,81.584,81.584,phone_scanning,28.074425011199995
0.0,73.10049199999776,73.10049199999776,core 0 cpu_idle start,2.1114492310263353
73.10049199999776,111.49799999999959,38.397508000001835,core 0 cpu_idle,1.109081300573653
0.0,73.09826500000054,73.09826500000054,core 1 cpu_idle start,2.1113849059130154
73.09826500000054,111.49799999999959,38.399734999999055,core 1 cpu_idle,1.1091456256869727
