Start Time (Seconds),End Time (Seconds),Duration (Seconds),Component,Energy Consumption (Joule)
0,78.316,78.316,screen dark,39.648571424000004
0,78.316,78.316,wifi running,0.37354852416
0,78.316,78.316,audio,3.5388807552000006
0,2.626,2.626,audio,0.1186615872
0,78.316,78.316,phone_scanning,27.1314191232
0.0,72.60373800000525,72.60373800000525,core 0 cpu_idle start,2.111229576554553
72.60373800000525,108.36100000000442,35.75726199999917,core 0 cpu_idle,1.039778270245576
0.0,72.61507300000812,72.61507300000812,core 1 cpu_idle start,2.1115591847526365
72.61507300000812,108.36100000000442,35.7459269999963,core 1 cpu_idle,1.0394486620474925
