Start Time (Seconds),End Time (Seconds),Duration (Seconds),Component,Energy Consumption (Joule)
0,77.26,77.26,screen dark,36.1785402
0,77.26,77.26,wifi running,0.340855668
0,77.26,77.26,audio,3.229158960000001
0,2.859,2.859,audio,0.11949476400000002
0,77.26,77.26,phone_scanning,24.756885360000002
0.0,71.65465899999253,71.65465899999253,core 0 cpu_idle start,1.9272595357932996
71.65465899999253,106.70100000000093,35.0463410000084,core 0 cpu_idle,0.942623910706726
0.0,71.65558299999975,71.65558299999975,core 1 cpu_idle start,1.9272843881594937
71.65558299999975,106.70100000000093,35.04541700000118,core 1 cpu_idle,0.9425990583405318
