Start Time (Seconds),End Time (Seconds),Duration (Seconds),Component,Energy Consumption (Joule)
0,76.987,76.987,screen dark,38.26777411599999
0,76.987,76.987,wifi running,0.36053935944
0,76.987,76.987,audio,3.4156360367999996
0,2.851,2.851,audio,0.1264886064
0,76.987,76.987,phone_scanning,26.186542948799996
0.0,71.98977100000047,71.98977100000047,core 0 cpu_idle start,2.0553511559126134
71.98977100000047,106.54099999999926,34.551228999998784,core 0 cpu_idle,0.9864583186873652
0.0,71.99137399999927,71.99137399999927,core 1 cpu_idle start,2.055396922524379
71.99137399999927,106.54099999999926,34.54962599999999,core 1 cpu_idle,0.9864125520755996
