Start Time (Seconds),End Time (Seconds),Duration (Seconds),Component,Energy Consumption (Joule)
0,73.1,73.1,screen dark,34.230537
0,73.1,73.1,wifi running,0.3225025799999999
0,73.1,73.1,audio,3.0552876
0,2.783,2.783,audio,0.11631826800000002
0,73.1,73.1,phone_scanning,23.4238716
0.0,72.33180999998876,72.33180999998876,core 0 cpu_idle start,1.945472527664698
72.33180999998876,102.38699999998789,30.05518999999913,core 0 cpu_idle,0.8083794178349767
0.0,72.33777800000098,72.33777800000098,core 1 cpu_idle start,1.9456330459770266
72.33777800000098,102.38699999998789,30.049221999986912,core 1 cpu_idle,0.8082188995226481
