Start Time (Seconds),End Time (Seconds),Duration (Seconds),Component,Energy Consumption (Joule)
0,76.044,76.044,screen dark,39.308056128000004
0,76.044,76.044,wifi running,0.37034036351999994
0,76.044,76.044,audio,3.5084876544000005
0,2.828,2.828,audio,0.1304771328
0,76.044,76.044,phone_scanning,26.8984053504
0.0,66.89836900000228,66.89836900000228,core 0 cpu_idle start,1.9862393349576677
66.89836900000228,105.46400000000722,38.56563100000494,core 0 cpu_idle,1.1450290106425467
0.0,67.01573100000678,67.01573100000678,core 1 cpu_idle start,1.9897238596826015
67.01573100000678,105.46400000000722,38.44826900000044,core 1 cpu_idle,1.1415444859176131
