Start Time (Seconds),End Time (Seconds),Duration (Seconds),Component,Energy Consumption (Joule)
0,72.718,72.718,screen dark,36.013807654000004
0,72.718,72.718,wifi running,0.33930364236
0,72.718,72.718,audio,3.2144555592000006
0,2.586,2.586,audio,0.1143125784
0,72.718,72.718,phone_scanning,24.6441592872
0.0,64.2046669999836,64.2046669999836,core 0 cpu_idle start,1.8263884291149837
64.2046669999836,93.13999999998487,28.935333000001265,core 0 cpu_idle,0.823104609884586
0.0,64.20607099999324,64.20607099999324,core 1 cpu_idle start,1.8264283677906579
64.20607099999324,93.13999999998487,28.933928999991622,core 1 cpu_idle,0.8230646712089117
