Start Time (Seconds),End Time (Seconds),Duration (Seconds),Component,Energy Consumption (Joule)
0,72.397,72.397,screen dark,36.61695466
0,72.397,72.397,wifi running,0.3449861844
0,72.397,72.397,audio,3.268290168
0,2.479,2.479,audio,0.111911976
0,72.397,72.397,phone_scanning,25.056891288
0.0,64.28777200001059,64.28777200001059,core 0 cpu_idle start,1.8676240643723077
64.28777200001059,91.82800000000861,27.540227999998024,core 0 cpu_idle,0.8000711636279426
0.0,64.27894700001343,64.27894700001343,core 1 cpu_idle start,1.8673676892973903
64.27894700001343,91.82800000000861,27.549052999995183,core 1 cpu_idle,0.8003275387028601
