Start Time (Seconds),End Time (Seconds),Duration (Seconds),Component,Energy Consumption (Joule)
0,76.997,76.997,screen dark,34.816272469
0,76.997,76.997,wifi running,0.32802107946
15.481,76.997,61.516,audio,2.4827611536000003
15.481,18.651,3.17,audio,0.127939932
0,76.997,76.997,phone_scanning,23.8246889292
0.0,73.2923759999976,73.2923759999976,core 0 cpu_idle start,1.903560583328338
73.2923759999976,107.65000000000873,34.35762400001113,core 0 cpu_idle,0.8923413641718891
0.0,73.28987700000289,73.28987700000289,core 1 cpu_idle start,1.9034956789256252
73.28987700000289,107.65000000000873,34.36012300000584,core 1 cpu_idle,0.8924062685746018
