Start Time (Seconds),End Time (Seconds),Duration (Seconds),Component,Energy Consumption (Joule)
0,75.606,75.606,screen dark,38.249151006
0,75.606,75.606,wifi running,0.36036390203999996
0,75.606,75.606,audio,3.4139738088
0,2.087,2.087,audio,0.09423806760000002
0,75.606,75.606,phone_scanning,26.173799200799998
0.0,56.928842000022996,56.928842000022996,core 0 cpu_idle start,1.6542354443945684
56.928842000022996,93.82000000000698,36.89115799998399,core 0 cpu_idle,1.071981424605635
0.0,56.92884300000151,56.92884300000151,core 1 cpu_idle start,1.654235473451894
56.92884300000151,93.82000000000698,36.89115700000548,core 1 cpu_idle,1.0719813955483093
