Start Time (Seconds),End Time (Seconds),Duration (Seconds),Component,Energy Consumption (Joule)
0,77.042,77.042,screen dark,39.301897712000006
0,77.042,77.042,wifi running,0.37028234208
0,77.042,77.042,audio,3.5079379776000006
0,2.8529999999999998,2.8529999999999998,audio,0.1299050784
0,77.042,77.042,phone_scanning,26.894191161600002
0.0,69.77491700000246,69.77491700000246,core 0 cpu_idle start,2.0444887980004722
69.77491700000246,105.23400000000038,35.45908299999792,core 0 cpu_idle,1.0389936827995392
0.0,69.7749610000028,69.7749610000028,core 1 cpu_idle start,2.0444900872532825
69.7749610000028,105.23400000000038,35.459038999997574,core 1 cpu_idle,1.0389923935467291
