Start Time (Seconds),End Time (Seconds),Duration (Seconds),Component,Energy Consumption (Joule)
0,85.70400000000001,85.70400000000001,screen dark,44.021431080000006
0,85.70400000000001,85.70400000000001,wifi running,0.4147473672
0,85.70400000000001,85.70400000000001,audio,3.9291855840000007
0,2.325,2.325,audio,0.10659195000000002
0,85.70400000000001,85.70400000000001,phone_scanning,30.123756144000005
0.0,68.85494499999913,68.85494499999913,core 0 cpu_idle start,2.0314102285987246
68.85494499999913,105.17699999999968,36.322055000000546,core 0 cpu_idle,1.071600508151266
0.0,68.8548320000009,68.8548320000009,core 1 cpu_idle start,2.0314068947880264
68.8548320000009,105.17699999999968,36.32216799999878,core 1 cpu_idle,1.0716038419619642
