Start Time (Seconds),End Time (Seconds),Duration (Seconds),Component,Energy Consumption (Joule)
0,71.472,71.472,screen dark,30.899704175999997
0,71.472,71.472,wifi running,0.29112117983999997
0,71.472,71.472,audio,2.7579901248
0,2.31,2.31,audio,0.089139204
0,71.472,71.472,phone_scanning,21.1445909568
0.0,75.55488899999182,75.55488899999182,core 0 cpu_idle start,1.8762054478589467
75.55488899999182,90.80599999999686,15.25111100000504,core 0 cpu_idle,0.37872092624097514
0.0,75.554535999996,75.554535999996,core 1 cpu_idle start,1.8761966820395009
75.554535999996,90.80599999999686,15.251464000000851,core 1 cpu_idle,0.3787296920604211
