Start Time (Seconds),End Time (Seconds),Duration (Seconds),Component,Energy Consumption (Joule)
0,70.612,70.612,screen dark,36.91030464
0,70.612,70.612,wifi running,0.3477499776
0,70.612,70.612,audio,3.294473472
0,2.4779999999999998,2.4779999999999998,audio,0.115613568
0,70.612,70.612,phone_scanning,25.257629952
0.0,62.9571089999954,62.9571089999954,core 0 cpu_idle start,1.8902242406158623
62.9571089999954,91.028999999995,28.071890999999596,core 0 cpu_idle,0.842830455383988
0.0,62.95349800000258,62.95349800000258,core 1 cpu_idle start,1.890115823952078
62.95349800000258,91.028999999995,28.07550199999241,core 1 cpu_idle,0.8429388720477723
