Start Time (Seconds),End Time (Seconds),Duration (Seconds),Component,Energy Consumption (Joule)
0,70.298,70.298,screen dark,34.517583364
0,70.298,70.298,wifi running,0.32520698375999996
0,70.298,70.298,audio,3.0809082672000003
0,2.356,2.356,audio,0.10325499839999999
0,70.298,70.298,phone_scanning,23.6202967152
0.0,62.028873999995994,62.028873999995994,core 0 cpu_idle start,1.7494065363092872
62.028873999995994,90.01699999999255,27.988125999996555,core 0 cpu_idle,0.7893519163905028
0.0,62.035149000003,62.035149000003,core 1 cpu_idle start,1.7495835107619848
62.035149000003,90.01699999999255,27.981850999989547,core 1 cpu_idle,0.7891749419378052
