Start Time (Seconds),End Time (Seconds),Duration (Seconds),Component,Energy Consumption (Joule)
0,85.538,85.538,screen dark,43.946516108000004
0,85.538,85.538,wifi running,0.41404155672000004
0,85.538,85.538,audio,3.9224989584000007
0,2.199,2.199,audio,0.10083910320000002
0,85.538,85.538,phone_scanning,30.0724920144
0.0,62.242688000000044,62.242688000000044,core 0 cpu_idle start,1.8367630500736014
62.242688000000044,105.80500000000006,43.56231200000002,core 0 cpu_idle,1.2855107584264007
0.0,62.24227900000028,62.24227900000028,core 1 cpu_idle start,1.8367509806063085
62.24227900000028,105.80500000000006,43.56272099999978,core 1 cpu_idle,1.2855228278936937
