Start Time (Seconds),End Time (Seconds),Duration (Seconds),Component,Energy Consumption (Joule)
0,77.157,77.157,screen dark,37.792115855999995
0,77.157,77.157,wifi running,0.35605795104
0,77.157,77.157,audio,3.3731805888000004
0,2.8120000000000003,2.8120000000000003,audio,0.12293614080000002
0,77.157,77.157,phone_scanning,25.861051180799997
0.0,75.0449699999881,75.0449699999881,core 0 cpu_idle start,2.111285167991665
75.0449699999881,107.25199999999313,32.207030000005034,core 0 cpu_idle,0.9060996992081417
0.0,75.03785299998708,75.03785299998708,core 1 cpu_idle start,2.1110849411604367
75.03785299998708,107.25199999999313,32.21414700000605,core 1 cpu_idle,0.9062999260393703
