Start Time (Seconds),End Time (Seconds),Duration (Seconds),Component,Energy Consumption (Joule)
0,76.993,76.993,screen dark,34.814463761
0,76.993,76.993,wifi running,0.32800403873999995
0,76.993,76.993,audio,3.1074066827999998
0,2.836,2.836,audio,0.1144598256
0,76.993,76.993,phone_scanning,23.8234512348
0.0,72.65463499998441,72.65463499998441,core 0 cpu_idle start,1.8869970784148453
72.65463499998441,106.67099999998754,34.016365000003134,core 0 cpu_idle,0.8834781342348315
0.0,72.65207099998952,72.65207099998952,core 1 cpu_idle start,1.886930485822378
72.65207099998952,106.67099999998754,34.018928999998025,core 1 cpu_idle,0.8835447268272988
