Start Time (Seconds),End Time (Seconds),Duration (Seconds),Component,Energy Consumption (Joule)
0,70.152,70.152,screen dark,35.277757152
0,70.152,70.152,wifi running,0.33236895167999997
0,70.152,70.152,audio,3.1487584896
0,2.692,2.692,audio,0.12082988160000001
0,70.152,70.152,phone_scanning,24.140481753599996
0.0,62.49872999999934,62.49872999999934,core 0 cpu_idle start,1.805225817065981
62.49872999999934,90.16300000000047,27.664270000001125,core 0 cpu_idle,0.7990603075340325
0.0,62.49974999999904,62.49974999999904,core 1 cpu_idle start,1.8052552789499723
62.49974999999904,90.16300000000047,27.663250000001426,core 1 cpu_idle,0.7990308456500411
