Start Time (Seconds),End Time (Seconds),Duration (Seconds),Component,Energy Consumption (Joule)
0,72.524,72.524,screen dark,37.90974528
0,72.524,72.524,wifi running,0.3571661952
0,72.524,72.524,phone_scanning,25.941544704000002
0.0,73.19312999999966,73.19312999999966,core 0 cpu_idle start,2.19755053511999
73.19312999999966,82.20082800000091,9.007698000001255,core 0 cpu_idle,0.27044712475203775
82.20082800000091,82.20112399999925,0.00029599999834317714,core 0 cpu_frequency,0.001238453100267914
82.20112399999925,103.17700000000332,20.975876000004064,core 0 cpu_idle,0.6297797010241222
0.0,73.193941000005,73.193941000005,core 1 cpu_idle start,2.1975748845841503
73.193941000005,103.17700000000332,29.98305899999832,core 1 cpu_idle,0.9002113634159498
