Start Time (Seconds),End Time (Seconds),Duration (Seconds),Component,Energy Consumption (Joule)
0,75.266,75.266,screen dark,35.24480982000001
0,75.266,75.266,wifi running,0.33205853879999997
0,75.266,75.266,audio,3.1458177360000006
0,2.201,2.201,audio,0.09199299600000002
0,75.266,75.266,phone_scanning,24.117935976000002
0.0,69.95387999998638,69.95387999998638,core 0 cpu_idle start,1.8815145334196341
69.95387999998638,99.18599999998696,29.232120000000577,core 0 cpu_idle,0.7862417155800157
0.0,69.95505299999786,69.95505299999786,core 1 cpu_idle start,1.8815460830144428
69.95505299999786,99.18599999998696,29.2309469999891,core 1 cpu_idle,0.786210165985207
