Start Time (Seconds),End Time (Seconds),Duration (Seconds),Component,Energy Consumption (Joule)
0,71.56700000000001,71.56700000000001,screen dark,33.781126907
0,71.56700000000001,71.56700000000001,wifi running,0.31826846838
0,71.56700000000001,71.56700000000001,audio,3.0151749636000007
0,2.523,2.523,audio,0.10629600840000002
0,71.56700000000001,71.56700000000001,phone_scanning,23.116341387600002
0.0,63.88839000000007,63.88839000000007,core 0 cpu_idle start,1.7321388352605018
63.88839000000007,91.75300000000061,27.86461000000054,core 0 cpu_idle,0.7554639130895145
0.0,63.88834799999859,63.88834799999859,core 1 cpu_idle start,1.7321376965585615
63.88834799999859,91.75300000000061,27.864652000002025,core 1 cpu_idle,0.7554650517914548
