Start Time (Seconds),End Time (Seconds),Duration (Seconds),Component,Energy Consumption (Joule)
0,76.273,76.273,screen dark,38.328174049
0,76.273,76.273,wifi running,0.36110841665999993
0,76.273,76.273,audio,3.4210271052
0,2.36,2.36,audio,0.105851664
0,76.273,76.273,phone_scanning,26.227874473199996
0.0,63.86559599999964,63.86559599999964,core 0 cpu_idle start,1.8433750503065895
63.86559599999964,95.79199999999992,31.926404000000275,core 0 cpu_idle,0.9215029728934079
0.0,63.86318899999969,63.86318899999969,core 1 cpu_idle start,1.8433055762231412
63.86318899999969,95.79199999999992,31.928811000000223,core 1 cpu_idle,0.9215724469768565
