Start Time (Seconds),End Time (Seconds),Duration (Seconds),Component,Energy Consumption (Joule)
0,75.004,75.004,screen dark,38.543580548
0,75.004,75.004,wifi running,0.36313786632
0,75.004,75.004,audio,3.4402534704000005
0,2.6310000000000002,2.6310000000000002,audio,0.12067765560000002
0,75.004,75.004,phone_scanning,26.375276606400003
0.0,62.74138400002266,62.74138400002266,core 0 cpu_idle start,1.851915472044269
62.74138400002266,95.12200000000303,32.380615999980364,core 0 cpu_idle,0.9557673092558204
0.0,62.994369000021834,62.994369000021834,core 1 cpu_idle start,1.8593827417444946
62.994369000021834,95.12200000000303,32.12763099998119,core 1 cpu_idle,0.9483000395555949
