Start Time (Seconds),End Time (Seconds),Duration (Seconds),Component,Energy Consumption (Joule)
0,77.089,77.089,screen dark,37.758808912
0,77.089,77.089,wifi running,0.35574415008
0,77.089,77.089,audio,3.3702077376000004
0,2.815,2.815,audio,0.123067296
0,77.089,77.089,phone_scanning,25.8382593216
0.0,80.78159099999175,80.78159099999175,core 0 cpu_idle start,2.2726769685573682
80.78159099999175,107.46099999999569,26.679409000003943,core 0 cpu_idle,0.750587821042511
0.0,80.69814499998756,80.69814499998756,core 1 cpu_idle start,2.27032933217165
80.69814499998756,107.46099999999569,26.76285500000813,core 1 cpu_idle,0.7529354574282288
