Start Time (Seconds),End Time (Seconds),Duration (Seconds),Component,Energy Consumption (Joule)
0,77.741,77.741,screen dark,36.40377807
0,77.741,77.741,wifi running,0.34297774379999996
0,77.741,77.741,audio,3.2492628360000007
0,2.824,2.824,audio,0.118031904
0,77.741,77.741,phone_scanning,24.911015075999998
0.0,71.51001900000847,71.51001900000847,core 0 cpu_idle start,1.923369226033728
71.51001900000847,107.35499999999593,35.844980999987456,core 0 cpu_idle,0.9641045314661627
0.0,71.50806700000248,71.50806700000248,core 1 cpu_idle start,1.923316724065567
71.50806700000248,107.35499999999593,35.84693299999344,core 1 cpu_idle,0.9641570334343237
