Start Time (Seconds),End Time (Seconds),Duration (Seconds),Component,Energy Consumption (Joule)
0,69.13,69.13,screen dark,34.73872368999999
0,69.13,69.13,wifi running,0.32729045459999995
0,69.13,69.13,audio,3.1006464119999997
0,2.827,2.827,audio,0.1267977348
0,69.13,69.13,phone_scanning,23.771622491999995
0.0,73.97943200000009,73.97943200000009,core 0 cpu_idle start,2.1352942386172025
73.97943200000009,99.04799999999977,25.068567999999686,core 0 cpu_idle,0.7235628521827909
0.0,73.98053199999958,73.98053199999958,core 1 cpu_idle start,2.135325988302188
73.98053199999958,99.04799999999977,25.06746800000019,core 1 cpu_idle,0.7235311024978055
