Start Time (Seconds),End Time (Seconds),Duration (Seconds),Component,Energy Consumption (Joule)
0,67.726,67.726,screen dark,31.968094245999996
0,67.726,67.726,wifi running,0.30118700363999995
0,67.726,67.726,audio,2.8533505608
0,2.82,2.82,audio,0.118808856
0,67.726,67.726,phone_scanning,21.8756876328
0.0,73.38399399999798,73.38399399999798,core 0 cpu_idle start,1.9895831761282452
73.38399399999798,97.55599999999868,24.172006000000692,core 0 cpu_idle,0.6553502180717188
0.0,73.38412699999935,73.38412699999935,core 1 cpu_idle start,1.9895867820176325
73.38412699999935,97.55599999999868,24.171872999999323,core 1 cpu_idle,0.6553466121823316
