Start Time (Seconds),End Time (Seconds),Duration (Seconds),Component,Energy Consumption (Joule)
0,77.68,77.68,screen dark,39.29838968000001
0,77.68,77.68,wifi running,0.37024929120000005
0,77.68,77.68,audio,3.5076248640000003
0,2.847,2.847,audio,0.1285557156
0,77.68,77.68,phone_scanning,26.891790624000002
0.0,72.67818600000464,72.67818600000464,core 0 cpu_idle start,2.111879094878835
72.67818600000464,107.49400000000605,34.81581400000141,core 0 cpu_idle,1.0116761824213412
0.0,72.67138799998793,72.67138799998793,core 1 cpu_idle start,2.1116815589342495
72.67138799998793,107.49400000000605,34.822612000018125,core 1 cpu_idle,1.0118737183659268
