Start Time (Seconds),End Time (Seconds),Duration (Seconds),Component,Energy Consumption (Joule)
0,76.725,76.725,screen dark,39.1401846
0,76.725,76.725,wifi running,0.36875876399999996
0,76.725,76.725,audio,3.49350408
0,2.858,2.858,audio,0.13013274240000003
0,76.725,76.725,phone_scanning,26.783531280000002
0.0,70.06880499999897,70.06880499999897,core 0 cpu_idle start,2.05310006906597
70.06880499999897,105.73799999999756,35.66919499999858,core 0 cpu_idle,1.0451502165339586
0.0,70.06867599999896,70.06867599999896,core 1 cpu_idle start,2.0530962892111697
70.06867599999896,105.73799999999756,35.669323999998596,core 1 cpu_idle,1.045153996388759
