Start Time (Seconds),End Time (Seconds),Duration (Seconds),Component,Energy Consumption (Joule)
0,78.205,78.205,screen dark,36.62105535
0,78.205,78.205,wifi running,0.345024819
0,78.205,78.205,audio,3.2686561800000002
0,2.832,2.832,audio,0.11836627200000001
0,78.205,78.205,phone_scanning,25.05969738
0.0,71.88508000000729,71.88508000000729,core 0 cpu_idle start,1.9334570542201963
71.88508000000729,108.58699999999953,36.70191999999224,core 0 cpu_idle,0.9871531912797915
0.0,71.88507800000662,71.88507800000662,core 1 cpu_idle start,1.9334570004271783
71.88507800000662,108.58699999999953,36.70192199999292,core 1 cpu_idle,0.9871532450728097
