Start Time (Seconds),End Time (Seconds),Duration (Seconds),Component,Energy Consumption (Joule)
0,76.191,76.191,screen dark,37.872107987999996
0,76.191,76.191,wifi running,0.35681159592
0,76.191,76.191,audio,3.3803203824000003
0,2.884,2.884,audio,0.1279526976
0,76.191,76.191,phone_scanning,25.915789598399996
0.0,72.31229899999926,72.31229899999926,core 0 cpu_idle start,2.0645595238293786
72.31229899999926,105.64300000000003,33.33070100000077,core 0 cpu_idle,0.951611511970622
0.0,72.30985299999884,72.30985299999884,core 1 cpu_idle start,2.0644896890617668
72.30985299999884,105.64300000000003,33.33314700000119,core 1 cpu_idle,0.9516813467382339
