Start Time (Seconds),End Time (Seconds),Duration (Seconds),Component,Energy Consumption (Joule)
0,71.975,71.975,screen dark,36.995725799999995
0,71.975,71.975,wifi running,0.34855477199999996
0,71.975,71.975,audio,3.30209784
0,2.152,2.152,audio,0.09873031680000002
0,71.975,71.975,phone_scanning,25.31608344
0.0,64.10911100002704,64.10911100002704,core 0 cpu_idle start,1.8927317495203986
64.10911100002704,92.05000000001746,27.94088899999042,core 0 cpu_idle,0.8249156304801173
0.0,64.12757500002044,64.12757500002044,core 1 cpu_idle start,1.8932768732706038
64.12757500002044,92.05000000001746,27.92242499999702,core 1 cpu_idle,0.8243705067299121
