Start Time (Seconds),End Time (Seconds),Duration (Seconds),Component,Energy Consumption (Joule)
0,70.97,70.97,screen dark,34.521227399999994
0,70.97,70.97,wifi running,0.325241316
0,70.97,70.97,audio,3.0812335199999996
0,2.082,2.082,audio,0.09039211199999998
0,70.97,70.97,phone_scanning,23.62279032
0.0,59.5481759999966,59.5481759999966,core 0 cpu_idle start,1.663716489263905
59.5481759999966,90.125,30.5768240000034,core 0 cpu_idle,0.8542858857360949
0.0,59.62988899999618,59.62988899999618,core 1 cpu_idle start,1.6659994687708932
59.62988899999618,90.125,30.495111000003817,core 1 cpu_idle,0.8520029062291066
