Start Time (Seconds),End Time (Seconds),Duration (Seconds),Component,Energy Consumption (Joule)
0,80.426,80.426,screen dark,39.257056563999996
0,80.426,80.426,wifi running,0.36985987175999996
0,80.426,80.426,audio,3.5039356272
0,2.738,2.738,audio,0.1192869936
0,80.426,80.426,phone_scanning,26.863506475199998
0.0,56.58221799999592,56.58221799999592,core 0 cpu_idle start,1.5863560385132855
56.58221799999592,99.15499999999884,42.57278200000292,core 0 cpu_idle,1.1935832879866817
0.0,56.579532999996445,56.579532999996445,core 1 cpu_idle start,1.5862807610478002
56.579532999996445,99.15499999999884,42.57546700000239,core 1 cpu_idle,1.193658565452167
