Start Time (Seconds),End Time (Seconds),Duration (Seconds),Component,Energy Consumption (Joule)
0,80.16,80.16,screen dark,39.92256575999999
0,80.16,80.16,wifi running,0.37612995839999996
0,80.16,80.16,audio,3.563336448
0,1.9969999999999999,1.9969999999999999,audio,0.0887722416
0,80.16,80.16,phone_scanning,27.318912767999997
0.0,62.62753200001316,62.62753200001316,core 0 cpu_idle start,1.7915357058987764
62.62753200001316,100.12300000000687,37.49546799999371,core 0 cpu_idle,1.0726028567014199
0.0,62.56806200000574,62.56806200000574,core 1 cpu_idle start,1.7898344951845642
62.56806200000574,100.12300000000687,37.55493800000113,core 1 cpu_idle,1.0743040674156323
