Start Time (Seconds),End Time (Seconds),Duration (Seconds),Component,Energy Consumption (Joule)
0,65.78,65.78,screen dark,32.68121428
0,65.78,65.78,wifi running,0.30790565519999996
0,65.78,65.78,audio,2.917000944
0,2.8129999999999997,2.8129999999999997,audio,0.1247419224
0,65.78,65.78,phone_scanning,22.363673904
0.0,65.40983499999857,65.40983499999857,core 0 cpu_idle start,1.866580838444459
65.40983499999857,95.23399999999674,29.824164999998175,core 0 cpu_idle,0.851083249355448
0.0,65.42348399999901,65.42348399999901,core 1 cpu_idle start,1.8669703358627718
65.42348399999901,95.23399999999674,29.810515999997733,core 1 cpu_idle,0.8506937519371354
