Start Time (Seconds),End Time (Seconds),Duration (Seconds),Component,Energy Consumption (Joule)
0,66.465,66.465,screen dark,34.356556080000004
0,66.465,66.465,wifi running,0.3236898672
0,66.465,66.465,audio,3.066535584000001
0,2.84,2.84,audio,0.131030784
0,66.465,66.465,phone_scanning,23.510106144
0.0,66.59498300000269,66.59498300000269,core 0 cpu_idle start,1.97723168326328
66.59498300000269,95.61300000001211,29.018017000009422,core 0 cpu_idle,0.8615565319370798
0.0,66.58355100000335,66.58355100000335,core 1 cpu_idle start,1.9768922626104997
66.58355100000335,95.61300000001211,29.029449000008754,core 1 cpu_idle,0.86189595258986
