Start Time (Seconds),End Time (Seconds),Duration (Seconds),Component,Energy Consumption (Joule)
0,70.378,70.378,screen dark,35.902351408
0,70.378,70.378,wifi running,0.33825355872
0,70.378,70.378,audio,3.2045073984000005
0,2.814,2.814,audio,0.12812929920000002
0,70.378,70.378,phone_scanning,24.567890054400003
0.0,70.65960099999938,70.65960099999938,core 0 cpu_idle start,2.070411100821182
70.65960099999938,99.55400000000009,28.894399000000703,core 0 cpu_idle,0.8466405639788207
0.0,70.66534999999931,70.66534999999931,core 1 cpu_idle start,2.07057955341998
70.66534999999931,99.55400000000009,28.88865000000078,core 1 cpu_idle,0.846472111380023
