Start Time (Seconds),End Time (Seconds),Duration (Seconds),Component,Energy Consumption (Joule)
0,70.179,70.179,screen dark,35.265859827
0,70.179,70.179,wifi running,0.33225686118
0,70.179,70.179,audio,3.1476965796000003
0,2.819,2.819,audio,0.1264389156
0,70.179,70.179,phone_scanning,24.132340443599997
0.0,73.4199950000002,73.4199950000002,core 0 cpu_idle start,2.1191470126832557
73.4199950000002,99.15200000000004,25.732004999999845,core 0 cpu_idle,0.7427118665167455
0.0,73.4539190000005,73.4539190000005,core 1 cpu_idle start,2.1201261729686642
73.4539190000005,99.15200000000004,25.698080999999547,core 1 cpu_idle,0.7417327062313369
