Start Time (Seconds),End Time (Seconds),Duration (Seconds),Component,Energy Consumption (Joule)
0,77.154,77.154,screen dark,38.350784471999994
0,77.154,77.154,wifi running,0.36132144048
0,77.154,77.154,audio,3.4230452255999997
0,2.8209999999999997,2.8209999999999997,audio,0.12515761439999998
0,77.154,77.154,phone_scanning,26.243346729599995
0.0,72.77536000000146,72.77536000000146,core 0 cpu_idle start,2.0777801932160416
72.77536000000146,107.57099999999991,34.79563999999846,core 0 cpu_idle,0.9934363993839559
0.0,72.78113900000062,72.78113900000062,core 1 cpu_idle start,2.077945187133418
72.78113900000062,107.57099999999991,34.78986099999929,core 1 cpu_idle,0.9932714054665798
