Start Time (Seconds),End Time (Seconds),Duration (Seconds),Component,Energy Consumption (Joule)
0,77.264,77.264,screen dark,38.405461951999996
0,77.264,77.264,wifi running,0.36183658368
0,77.264,77.264,audio,3.4279255296
0,2.823,2.823,audio,0.1252463472
0,77.264,77.264,phone_scanning,26.280762393599996
0.0,72.18165000000045,72.18165000000045,core 0 cpu_idle start,2.0608294164900127
72.18165000000045,106.42599999999948,34.24434999999903,core 0 cpu_idle,0.9776967391099723
0.0,72.18010100000174,72.18010100000174,core 1 cpu_idle start,2.0607851916106497
72.18010100000174,106.42599999999948,34.245898999997735,core 1 cpu_idle,0.9777409639893353
