Start Time (Seconds),End Time (Seconds),Duration (Seconds),Component,Energy Consumption (Joule)
0,77.209,77.209,screen dark,40.358688480000005
0,77.209,77.209,wifi running,0.38023888320000004
0,77.209,77.209,audio,3.6022631040000004
0,2.825,2.825,audio,0.1318032
0,77.209,77.209,phone_scanning,27.617350464
0.0,72.84474499999487,72.84474499999487,core 0 cpu_idle start,2.1870906238798464
72.84474499999487,107.09199999999691,34.24725500000204,core 0 cpu_idle,1.0282395841200616
0.0,72.83775099999912,72.83775099999912,core 1 cpu_idle start,2.186880636023974
72.83775099999912,107.09199999999691,34.2542489999978,core 1 cpu_idle,1.0284495719759341
