Start Time (Seconds),End Time (Seconds),Duration (Seconds),Component,Energy Consumption (Joule)
0,82.869,82.869,screen dark,42.565247505
0,82.869,82.869,wifi running,0.40102795169999994
0,82.869,82.869,audio,3.7992121740000004
0,2.818,2.818,audio,0.12919402800000002
0,82.869,82.869,phone_scanning,29.127293334
0.0,72.81958499999746,72.81958499999746,core 0 cpu_idle start,2.148378011358675
72.81958499999746,112.35099999999875,39.53141500000129,core 0 cpu_idle,1.1662854538912881
0.0,72.81958699999814,72.81958699999814,core 1 cpu_idle start,2.148378070364195
72.81958699999814,112.35099999999875,39.53141300000061,core 1 cpu_idle,1.166285394885768
