Start Time (Seconds),End Time (Seconds),Duration (Seconds),Component,Energy Consumption (Joule)
0,69.787,69.787,screen dark,36.107514652
0,69.787,69.787,wifi running,0.34018650168
0,69.787,69.787,audio,3.2228194896000004
0,2.401,2.401,audio,0.11088010079999999
0,69.787,69.787,phone_scanning,24.708282753600002
0.0,61.67852599998878,61.67852599998878,core 0 cpu_idle start,1.8329747713728666
61.67852599998878,89.14199999999255,27.46347400000377,core 0 cpu_idle,0.816165013026912
0.0,61.679564999983995,61.679564999983995,core 1 cpu_idle start,1.8330056485825243
61.679564999983995,89.14199999999255,27.462435000008554,core 1 cpu_idle,0.8161341358172542
