Start Time (Seconds),End Time (Seconds),Duration (Seconds),Component,Energy Consumption (Joule)
0,71.106,71.106,screen dark,35.67146259599999
0,71.106,71.106,wifi running,0.3360782426399999
0,71.106,71.106,audio,3.1838991407999995
0,2.255,2.255,audio,0.10097168399999999
0,71.106,71.106,phone_scanning,24.4098934128
0.0,63.25258899999608,63.25258899999608,core 0 cpu_idle start,1.8226043762581872
63.25258899999608,91.0590000000011,27.806411000005028,core 0 cpu_idle,0.8012333910418449
0.0,63.24981000000116,63.24981000000116,core 1 cpu_idle start,1.8225243002070337
63.24981000000116,91.0590000000011,27.809189999999944,core 1 cpu_idle,0.8013134670929984
