Start Time (Seconds),End Time (Seconds),Duration (Seconds),Component,Energy Consumption (Joule)
0,73.337,73.337,screen dark,36.852795881
0,73.337,73.337,wifi running,0.34720815954
0,73.337,73.337,audio,3.2893404588000004
0,2.8040000000000003,2.8040000000000003,audio,0.12576612960000003
0,73.337,73.337,phone_scanning,25.2182768508
0.0,72.44244600000002,72.44244600000002,core 0 cpu_idle start,2.0909316737541004
72.44244600000002,103.74499999999989,31.302553999999873,core 0 cpu_idle,0.9034965719958963
0.0,72.44418200000018,72.44418200000018,core 1 cpu_idle start,2.090981780529705
72.44418200000018,103.74499999999989,31.30081799999971,core 1 cpu_idle,0.9034464652202916
