Start Time (Seconds),End Time (Seconds),Duration (Seconds),Component,Energy Consumption (Joule)
0,73.911,73.911,screen dark,38.634757920000006
0,73.911,73.911,wifi running,0.3639968928
0,73.911,73.911,audio,3.4483916160000003
0,2.6310000000000002,2.6310000000000002,audio,0.12275193600000002
0,73.911,73.911,phone_scanning,26.437669056
0.0,62.1347359999927,62.1347359999927,core 0 cpu_idle start,1.865533313663781
62.1347359999927,93.84900000000198,31.71426400000928,core 0 cpu_idle,0.9521890623362788
0.0,62.09485099999438,62.09485099999438,core 1 cpu_idle start,1.8643358064238316
62.09485099999438,93.84900000000198,31.7541490000076,core 1 cpu_idle,0.9533865695762284
