Start Time (Seconds),End Time (Seconds),Duration (Seconds),Component,Energy Consumption (Joule)
0,80.794,80.794,screen dark,41.704731684
0,80.794,80.794,wifi running,0.39292061255999994
0,80.794,80.794,audio,3.7224058032
0,1.98,1.98,audio,0.09122414400000001
0,80.794,80.794,phone_scanning,28.5384444912
0.0,61.38488299999153,61.38488299999153,core 0 cpu_idle start,1.8199819806018491
61.38488299999153,100.1589999999851,38.774116999993566,core 0 cpu_idle,1.1496021626977093
0.0,61.36042399998405,61.36042399998405,core 1 cpu_idle start,1.8192568030483274
61.36042399998405,100.1589999999851,38.79857600000105,core 1 cpu_idle,1.1503273402512313
