Start Time (Seconds),End Time (Seconds),Duration (Seconds),Component,Energy Consumption (Joule)
0,79.877,79.877,screen dark,40.168226252
0,79.877,79.877,wifi running,0.3784444456799999
0,79.877,79.877,audio,3.5852631696
0,2.721,2.721,audio,0.12213154080000001
0,79.877,79.877,phone_scanning,27.487017633599994
0.0,62.32473199999731,62.32473199999731,core 0 cpu_idle start,1.8002000240343223
62.32473199999731,100.15000000000146,37.825268000004144,core 0 cpu_idle,1.0925526059657196
0.0,62.46281199999794,62.46281199999794,core 1 cpu_idle start,1.8041883543703403
62.46281199999794,100.15000000000146,37.687188000003516,core 1 cpu_idle,1.0885642756297016
