Start Time (Seconds),End Time (Seconds),Duration (Seconds),Component,Energy Consumption (Joule)
0,79.161,79.161,screen dark,40.660651845000004
0,79.161,79.161,wifi running,0.38308382729999996
0,79.161,79.161,audio,3.6292152060000005
0,2.308,2.308,audio,0.10581256800000001
0,79.161,79.161,phone_scanning,27.823983246
0.0,62.50006000000212,62.50006000000212,core 0 cpu_idle start,1.8439236451650627
62.50006000000212,100.13899999999921,37.63893999999709,core 0 cpu_idle,1.1104522370849141
0.0,62.50015100000019,62.50015100000019,core 1 cpu_idle start,1.8439263299152555
62.50015100000019,100.13899999999921,37.63884899999903,core 1 cpu_idle,1.1104495523347213
