Start Time (Seconds),End Time (Seconds),Duration (Seconds),Component,Energy Consumption (Joule)
0,76.833,76.833,screen dark,39.195279288
0,76.833,76.833,wifi running,0.36927783791999996
0,76.833,76.833,audio,3.4984216224000004
0,2.044,2.044,audio,0.0930690432
0,76.833,76.833,phone_scanning,26.821232438400003
0.0,60.28861799999868,60.28861799999868,core 0 cpu_idle start,1.7665288537415615
60.28861799999868,95.92099999999846,35.63238199999978,core 0 cpu_idle,1.0440715514583936
0.0,60.30312799999956,60.30312799999956,core 1 cpu_idle start,1.7669540141535873
60.30312799999956,95.92099999999846,35.6178719999989,core 1 cpu_idle,1.0436463910463678
