Start Time (Seconds),End Time (Seconds),Duration (Seconds),Component,Energy Consumption (Joule)
0,73.188,73.188,screen dark,36.88419042
0,73.188,73.188,wifi running,0.3475039428
0,73.188,73.188,audio,3.292142616
0,2.844,2.844,audio,0.127928808
0,73.188,73.188,phone_scanning,25.239760056
0.0,73.53988100000015,73.53988100000015,core 0 cpu_idle start,2.1287405503367545
73.53988100000015,103.5340000000001,29.994118999999955,core 0 cpu_idle,0.8682322641632488
0.0,73.54260900000054,73.54260900000054,core 1 cpu_idle start,2.1288195170707658
73.54260900000054,103.5340000000001,29.991390999999567,core 1 cpu_idle,0.8681532974292375
