Start Time (Seconds),End Time (Seconds),Duration (Seconds),Component,Energy Consumption (Joule)
0,73.003,73.003,screen dark,36.287455204
0,73.003,73.003,wifi running,0.34188180936
0,73.003,73.003,audio,3.2388802992
0,2.82,2.82,audio,0.12511324799999998
0,73.003,73.003,phone_scanning,24.8314156272
0.0,72.46876100000009,72.46876100000009,core 0 cpu_idle start,2.0690266078066024
72.46876100000009,103.64800000000014,31.179239000000052,core 0 cpu_idle,0.8901859809934014
0.0,72.46862599999986,72.46862599999986,core 1 cpu_idle start,2.069022753475596
72.46862599999986,103.64800000000014,31.17937400000028,core 1 cpu_idle,0.890189835324408
